{
  "USD_EUR": 0.93,
  "EUR_USD": 1.075268817204301,
  "NVCT_EUR": 0.93,
  "EUR_NVCT": 1.075268817204301,
  "USD_GBP": 0.79,
  "GBP_USD": 1.2658227848101264,
  "NVCT_GBP": 0.79,
  "GBP_NVCT": 1.2658227848101264,
  "USD_JPY": 157.32,
  "JPY_USD": 0.006356470887363336,
  "NVCT_JPY": 157.32,
  "JPY_NVCT": 0.006356470887363336,
  "USD_CHF": 0.92,
  "CHF_USD": 1.0869565217391304,
  "NVCT_CHF": 0.92,
  "CHF_NVCT": 1.0869565217391304,
  "USD_CAD": 1.36,
  "CAD_USD": 0.7352941176470588,
  "NVCT_CAD": 1.36,
  "CAD_NVCT": 0.7352941176470588,
  "USD_AUD": 1.51,
  "AUD_USD": 0.6622516556291391,
  "NVCT_AUD": 1.51,
  "AUD_NVCT": 0.6622516556291391,
  "USD_NZD": 1.65,
  "NZD_USD": 0.6060606060606061,
  "NVCT_NZD": 1.65,
  "NZD_NVCT": 0.6060606060606061,
  "USD_CNY": 7.24,
  "CNY_USD": 0.13812154696132597,
  "NVCT_CNY": 7.24,
  "CNY_NVCT": 0.13812154696132597,
  "USD_HKD": 7.82,
  "HKD_USD": 0.1278772378516624,
  "NVCT_HKD": 7.82,
  "HKD_NVCT": 0.1278772378516624,
  "USD_SGD": 1.35,
  "SGD_USD": 0.7407407407407407,
  "NVCT_SGD": 1.35,
  "SGD_NVCT": 0.7407407407407407,
  "USD_INR": 83.42,
  "INR_USD": 0.011987532965715655,
  "NVCT_INR": 83.42,
  "INR_NVCT": 0.011987532965715655,
  "USD_RUB": 91.75,
  "RUB_USD": 0.010899182561307902,
  "NVCT_RUB": 91.75,
  "RUB_NVCT": 0.010899182561307902,
  "USD_BRL": 5.14,
  "BRL_USD": 0.19455252918287938,
  "NVCT_BRL": 5.14,
  "BRL_NVCT": 0.19455252918287938,
  "USD_MXN": 16.78,
  "MXN_USD": 0.05959475566150178,
  "NVCT_MXN": 16.78,
  "MXN_NVCT": 0.05959475566150178,
  "USD_SEK": 10.54,
  "SEK_USD": 0.09487666034155598,
  "NVCT_SEK": 10.54,
  "SEK_NVCT": 0.09487666034155598,
  "USD_NOK": 10.81,
  "NOK_USD": 0.09250693802035152,
  "NVCT_NOK": 10.81,
  "NOK_NVCT": 0.09250693802035152,
  "USD_DKK": 6.93,
  "DKK_USD": 0.14430014430014432,
  "NVCT_DKK": 6.93,
  "DKK_NVCT": 0.14430014430014432,
  "USD_PLN": 3.98,
  "PLN_USD": 0.25125628140703515,
  "NVCT_PLN": 3.98,
  "PLN_NVCT": 0.25125628140703515,
  "USD_TRY": 32.15,
  "TRY_USD": 0.03110419906687403,
  "NVCT_TRY": 32.15,
  "TRY_NVCT": 0.03110419906687403,
  "USD_NGN": 1500.0,
  "NGN_USD": 0.0006666666666666666,
  "NVCT_NGN": 1500.0,
  "NGN_NVCT": 0.0006666666666666666,
  "USD_DZD": 134.82,
  "DZD_USD": 0.007417297136923306,
  "NVCT_DZD": 134.82,
  "DZD_NVCT": 0.007417297136923306,
  "USD_EGP": 47.25,
  "EGP_USD": 0.021164021164021163,
  "NVCT_EGP": 47.25,
  "EGP_NVCT": 0.021164021164021163,
  "USD_LYD": 4.81,
  "LYD_USD": 0.2079002079002079,
  "NVCT_LYD": 4.81,
  "LYD_NVCT": 0.2079002079002079,
  "USD_MAD": 9.98,
  "MAD_USD": 0.1002004008016032,
  "NVCT_MAD": 9.98,
  "MAD_NVCT": 0.1002004008016032,
  "USD_SDG": 599.53,
  "SDG_USD": 0.001667973245709139,
  "NVCT_SDG": 599.53,
  "SDG_NVCT": 0.001667973245709139,
  "USD_TND": 3.11,
  "TND_USD": 0.3215434083601286,
  "NVCT_TND": 3.11,
  "TND_NVCT": 0.3215434083601286,
  "USD_GHS": 15.34,
  "GHS_USD": 0.0651890482398957,
  "NVCT_GHS": 15.34,
  "GHS_NVCT": 0.0651890482398957,
  "USD_XOF": 601.25,
  "XOF_USD": 0.0016632016632016633,
  "NVCT_XOF": 601.25,
  "XOF_NVCT": 0.0016632016632016633,
  "USD_GMD": 67.5,
  "GMD_USD": 0.014814814814814815,
  "NVCT_GMD": 67.5,
  "GMD_NVCT": 0.014814814814814815,
  "USD_GNF": 8625.0,
  "GNF_USD": 0.00011594202898550724,
  "NVCT_GNF": 8625.0,
  "GNF_NVCT": 0.00011594202898550724,
  "USD_LRD": 190.75,
  "LRD_USD": 0.005242463958060288,
  "NVCT_LRD": 190.75,
  "LRD_NVCT": 0.005242463958060288,
  "USD_SLL": 19875.0,
  "SLL_USD": 5.0314465408805034e-05,
  "NVCT_SLL": 19875.0,
  "SLL_NVCT": 5.0314465408805034e-05,
  "USD_SLE": 19.88,
  "SLE_USD": 0.05030181086519115,
  "NVCT_SLE": 19.88,
  "SLE_NVCT": 0.05030181086519115,
  "USD_CVE": 101.5,
  "CVE_USD": 0.009852216748768473,
  "NVCT_CVE": 101.5,
  "CVE_NVCT": 0.009852216748768473,
  "USD_XAF": 601.25,
  "XAF_USD": 0.0016632016632016633,
  "NVCT_XAF": 601.25,
  "XAF_NVCT": 0.0016632016632016633,
  "USD_CDF": 2650.0,
  "CDF_USD": 0.0003773584905660377,
  "NVCT_CDF": 2650.0,
  "CDF_NVCT": 0.0003773584905660377,
  "USD_STN": 22.65,
  "STN_USD": 0.04415011037527594,
  "NVCT_STN": 22.65,
  "STN_NVCT": 0.04415011037527594,
  "USD_KES": 132.05,
  "KES_USD": 0.0075728890571753115,
  "NVCT_KES": 132.05,
  "KES_NVCT": 0.0075728890571753115,
  "USD_ETB": 56.93,
  "ETB_USD": 0.01756543123133673,
  "NVCT_ETB": 56.93,
  "ETB_NVCT": 0.01756543123133673,
  "USD_UGX": 3785.0,
  "UGX_USD": 0.0002642007926023778,
  "NVCT_UGX": 3785.0,
  "UGX_NVCT": 0.0002642007926023778,
  "USD_TZS": 2575.0,
  "TZS_USD": 0.0003883495145631068,
  "NVCT_TZS": 2575.0,
  "TZS_NVCT": 0.0003883495145631068,
  "USD_RWF": 1250.0,
  "RWF_USD": 0.0008,
  "NVCT_RWF": 1250.0,
  "RWF_NVCT": 0.0008,
  "USD_BIF": 2875.0,
  "BIF_USD": 0.00034782608695652176,
  "NVCT_BIF": 2875.0,
  "BIF_NVCT": 0.00034782608695652176,
  "USD_DJF": 178.5,
  "DJF_USD": 0.0056022408963585435,
  "NVCT_DJF": 178.5,
  "DJF_NVCT": 0.0056022408963585435,
  "USD_ERN": 15.0,
  "ERN_USD": 0.06666666666666667,
  "NVCT_ERN": 15.0,
  "ERN_NVCT": 0.06666666666666667,
  "USD_SSP": 985.0,
  "SSP_USD": 0.0010152284263959391,
  "NVCT_SSP": 985.0,
  "SSP_NVCT": 0.0010152284263959391,
  "USD_SOS": 570.0,
  "SOS_USD": 0.0017543859649122807,
  "NVCT_SOS": 570.0,
  "SOS_NVCT": 0.0017543859649122807,
  "USD_ZAR": 18.5,
  "ZAR_USD": 0.05405405405405406,
  "NVCT_ZAR": 18.5,
  "ZAR_NVCT": 0.05405405405405406,
  "USD_LSL": 18.5,
  "LSL_USD": 0.05405405405405406,
  "NVCT_LSL": 18.5,
  "LSL_NVCT": 0.05405405405405406,
  "USD_NAD": 18.5,
  "NAD_USD": 0.05405405405405406,
  "NVCT_NAD": 18.5,
  "NAD_NVCT": 0.05405405405405406,
  "USD_SZL": 18.5,
  "SZL_USD": 0.05405405405405406,
  "NVCT_SZL": 18.5,
  "SZL_NVCT": 0.05405405405405406,
  "USD_BWP": 13.68,
  "BWP_USD": 0.07309941520467836,
  "NVCT_BWP": 13.68,
  "BWP_NVCT": 0.07309941520467836,
  "USD_ZMW": 26.42,
  "ZMW_USD": 0.037850113550340646,
  "NVCT_ZMW": 26.42,
  "ZMW_NVCT": 0.037850113550340646,
  "USD_MWK": 1675.0,
  "MWK_USD": 0.0005970149253731343,
  "NVCT_MWK": 1675.0,
  "MWK_NVCT": 0.0005970149253731343,
  "USD_ZWL": 9825.0,
  "ZWL_USD": 0.00010178117048346055,
  "NVCT_ZWL": 9825.0,
  "ZWL_NVCT": 0.00010178117048346055,
  "USD_MZN": 63.86,
  "MZN_USD": 0.015659254619480114,
  "NVCT_MZN": 63.86,
  "MZN_NVCT": 0.015659254619480114,
  "USD_MGA": 4450.0,
  "MGA_USD": 0.00022471910112359551,
  "NVCT_MGA": 4450.0,
  "MGA_NVCT": 0.00022471910112359551,
  "USD_SCR": 14.15,
  "SCR_USD": 0.0706713780918728,
  "NVCT_SCR": 14.15,
  "SCR_NVCT": 0.0706713780918728,
  "USD_MUR": 45.75,
  "MUR_USD": 0.02185792349726776,
  "NVCT_MUR": 45.75,
  "MUR_NVCT": 0.02185792349726776,
  "USD_AOA": 850.0,
  "AOA_USD": 0.001176470588235294,
  "NVCT_AOA": 850.0,
  "AOA_NVCT": 0.001176470588235294,
  "USD_IDR": 15675.0,
  "IDR_USD": 6.379585326953749e-05,
  "NVCT_IDR": 15675.0,
  "IDR_NVCT": 6.379585326953749e-05,
  "USD_MYR": 4.65,
  "MYR_USD": 0.2150537634408602,
  "NVCT_MYR": 4.65,
  "MYR_NVCT": 0.2150537634408602,
  "USD_PHP": 56.75,
  "PHP_USD": 0.01762114537444934,
  "NVCT_PHP": 56.75,
  "PHP_NVCT": 0.01762114537444934,
  "USD_THB": 35.68,
  "THB_USD": 0.028026905829596414,
  "NVCT_THB": 35.68,
  "THB_NVCT": 0.028026905829596414,
  "USD_VND": 24650.0,
  "VND_USD": 4.0567951318458416e-05,
  "NVCT_VND": 24650.0,
  "VND_NVCT": 4.0567951318458416e-05,
  "USD_KRW": 1345.0,
  "KRW_USD": 0.0007434944237918215,
  "NVCT_KRW": 1345.0,
  "KRW_NVCT": 0.0007434944237918215,
  "USD_TWD": 31.85,
  "TWD_USD": 0.03139717425431711,
  "NVCT_TWD": 31.85,
  "TWD_NVCT": 0.03139717425431711,
  "USD_PKR": 278.5,
  "PKR_USD": 0.003590664272890485,
  "NVCT_PKR": 278.5,
  "PKR_NVCT": 0.003590664272890485,
  "USD_BDT": 110.25,
  "BDT_USD": 0.009070294784580499,
  "NVCT_BDT": 110.25,
  "BDT_NVCT": 0.009070294784580499,
  "USD_NPR": 133.45,
  "NPR_USD": 0.007493443237167479,
  "NVCT_NPR": 133.45,
  "NPR_NVCT": 0.007493443237167479,
  "USD_LKR": 312.65,
  "LKR_USD": 0.0031984647369262755,
  "NVCT_LKR": 312.65,
  "LKR_NVCT": 0.0031984647369262755,
  "USD_AED": 3.67,
  "AED_USD": 0.2724795640326976,
  "NVCT_AED": 3.67,
  "AED_NVCT": 0.2724795640326976,